--EMPLOYEE TABLE

INSERT INTO Employee (Emp_ID, Emp_FirstName, Emp_LastName, Emp_Email, Emp_Role) VALUES (10000000001, 'Janet', 'Hess', 'janet.hess@example.com', 'Sales Rep');
INSERT INTO Employee (Emp_ID, Emp_FirstName, Emp_LastName, Emp_Email, Emp_Role) VALUES (10000000002, 'Sheila', 'Mann', 'sheila.mann@example.com', 'Team Lead');
INSERT INTO Employee (Emp_ID, Emp_FirstName, Emp_LastName, Emp_Email, Emp_Role) VALUES (10000000003, 'Sean', 'Chambers', 'sean.chambers@example.com', 'Sales Rep');
INSERT INTO Employee (Emp_ID, Emp_FirstName, Emp_LastName, Emp_Email, Emp_Role) VALUES (10000000004, 'Bradley', 'Gomez', 'bradley.gomez@example.com', 'Analyst');
INSERT INTO Employee (Emp_ID, Emp_FirstName, Emp_LastName, Emp_Email, Emp_Role) VALUES (10000000005, 'Wendy', 'Myers', 'wendy.myers@example.com', 'Team Lead');
INSERT INTO Employee (Emp_ID, Emp_FirstName, Emp_LastName, Emp_Email, Emp_Role) VALUES (10000000006, 'Brianna', 'Taylor', 'brianna.taylor@example.com', 'Account Manager');
INSERT INTO Employee (Emp_ID, Emp_FirstName, Emp_LastName, Emp_Email, Emp_Role) VALUES (10000000007, 'David', 'Bush', 'david.bush@example.com', 'Account Manager');
INSERT INTO Employee (Emp_ID, Emp_FirstName, Emp_LastName, Emp_Email, Emp_Role) VALUES (10000000008, 'Holly', 'Castillo', 'holly.castillo@example.com', 'Account Manager');
INSERT INTO Employee (Emp_ID, Emp_FirstName, Emp_LastName, Emp_Email, Emp_Role) VALUES (10000000009, 'Scott', 'Miller', 'scott.miller@example.com', 'Sales Rep');
INSERT INTO Employee (Emp_ID, Emp_FirstName, Emp_LastName, Emp_Email, Emp_Role) VALUES (10000000010, 'Kenneth', 'Richardson', 'kenneth.richardson@example.com', 'Team Lead');
INSERT INTO Employee (Emp_ID, Emp_FirstName, Emp_LastName, Emp_Email, Emp_Role) VALUES (10000000011, 'Brittany', 'Wilson', 'brittany.wilson@example.com', 'Team Lead');
INSERT INTO Employee (Emp_ID, Emp_FirstName, Emp_LastName, Emp_Email, Emp_Role) VALUES (10000000012, 'Deborah', 'Joseph', 'deborah.joseph@example.com', 'Team Lead');
INSERT INTO Employee (Emp_ID, Emp_FirstName, Emp_LastName, Emp_Email, Emp_Role) VALUES (10000000013, 'James', 'Austin', 'james.austin@example.com', 'Support Specialist');
INSERT INTO Employee (Emp_ID, Emp_FirstName, Emp_LastName, Emp_Email, Emp_Role) VALUES (10000000014, 'Melinda', 'Downs', 'melinda.downs@example.com', 'Analyst');
INSERT INTO Employee (Emp_ID, Emp_FirstName, Emp_LastName, Emp_Email, Emp_Role) VALUES (10000000015, 'Kevin', 'Russo', 'kevin.russo@example.com', 'Account Manager');
INSERT INTO Employee (Emp_ID, Emp_FirstName, Emp_LastName, Emp_Email, Emp_Role) VALUES (10000000016, 'Justin', 'Shaw', 'justin.shaw@example.com', 'Account Manager');
INSERT INTO Employee (Emp_ID, Emp_FirstName, Emp_LastName, Emp_Email, Emp_Role) VALUES (10000000017, 'Rebecca', 'Gardner', 'rebecca.gardner@example.com', 'Support Specialist');
INSERT INTO Employee (Emp_ID, Emp_FirstName, Emp_LastName, Emp_Email, Emp_Role) VALUES (10000000018, 'Heather', 'Jones', 'heather.jones@example.com', 'Support Specialist');
INSERT INTO Employee (Emp_ID, Emp_FirstName, Emp_LastName, Emp_Email, Emp_Role) VALUES (10000000019, 'John', 'Gonzalez', 'john.gonzalez@example.com', 'Analyst');
INSERT INTO Employee (Emp_ID, Emp_FirstName, Emp_LastName, Emp_Email, Emp_Role) VALUES (10000000020, 'Maria', 'Gray', 'maria.gray@example.com', 'Team Lead');





--Lead INSERT STATEMENTS

INSERT INTO Lead (Lead_ID, Emp_ID, Company_Name, Contact_Name, Contact_Number, Contact_Email, Date_Contacted, Lead_Notes) VALUES (10000000000000000001, 10000000011, 'Welch-Wells', 'Timothy White', 3283244250, 'edward89@gmail.com', TO_DATE('2024-07-14', 'YYYY-MM-DD'), 'This above whom. Read but who security sing probably.');
INSERT INTO Lead (Lead_ID, Emp_ID, Company_Name, Contact_Name, Contact_Number, Contact_Email, Date_Contacted, Lead_Notes) VALUES (10000000000000000002, 10000000015, 'Simon Ltd', 'Lisa Macdonald', 9452320361, 'taylorsarah@garcia.com', TO_DATE('2024-06-20', 'YYYY-MM-DD'), 'Job hard they indeed accept pressure. Join need test conference write first everyone.');
INSERT INTO Lead (Lead_ID, Emp_ID, Company_Name, Contact_Name, Contact_Number, Contact_Email, Date_Contacted, Lead_Notes) VALUES (10000000000000000003, 10000000015, 'Hines-Diaz', 'Mr. Matthew Ashley', 8987083526, 'brookehill@david.com', TO_DATE('2024-10-02', 'YYYY-MM-DD'), 'Financial Mr special task bit church able. Agree my real not relationship serious.');
INSERT INTO Lead (Lead_ID, Emp_ID, Company_Name, Contact_Name, Contact_Number, Contact_Email, Date_Contacted, Lead_Notes) VALUES (10000000000000000004, 10000000011, 'Norman LLC', 'Linda Carlson', 1782109091, 'owalker@hotmail.com', TO_DATE('2024-06-18', 'YYYY-MM-DD'), 'Teacher challenge stand.');
INSERT INTO Lead (Lead_ID, Emp_ID, Company_Name, Contact_Name, Contact_Number, Contact_Email, Date_Contacted, Lead_Notes) VALUES (10000000000000000005, 10000000003, 'Woodard, Washington and Vasquez', 'Jordan Martin', 7651899900, 'perkinssteven@campbell.com', TO_DATE('2025-02-08', 'YYYY-MM-DD'), 'Crime hair win between second everyone. Onto edge church interview win section.');
INSERT INTO Lead (Lead_ID, Emp_ID, Company_Name, Contact_Name, Contact_Number, Contact_Email, Date_Contacted, Lead_Notes) VALUES (10000000000000000006, 10000000002, 'Bowman-Gonzalez', 'Larry Woodward', 8846113671, 'elowe@hotmail.com', TO_DATE('2024-07-14', 'YYYY-MM-DD'), 'Particular either government part. Out difference factor weight.');
INSERT INTO Lead (Lead_ID, Emp_ID, Company_Name, Contact_Name, Contact_Number, Contact_Email, Date_Contacted, Lead_Notes) VALUES (10000000000000000007, 10000000001, 'Jones Ltd', 'James Young', 6451638169, 'trevinokathleen@miller.com', TO_DATE('2025-02-06', 'YYYY-MM-DD'), 'Player reveal official. World mention world bar outside former technology. Tell walk modern age.');
INSERT INTO Lead (Lead_ID, Emp_ID, Company_Name, Contact_Name, Contact_Number, Contact_Email, Date_Contacted, Lead_Notes) VALUES (10000000000000000008, 10000000005, 'Robinson PLC', 'Scott Ho', 4004798743, 'david46@chan-cox.biz', TO_DATE('2024-08-26', 'YYYY-MM-DD'), 'Past oil bad different key coach film join. Prepare whether hair strategy everything town their.');
INSERT INTO Lead (Lead_ID, Emp_ID, Company_Name, Contact_Name, Contact_Number, Contact_Email, Date_Contacted, Lead_Notes) VALUES (10000000000000000009, 10000000018, 'Harvey, Griffin and Hanna', 'Jack Daniels', 8486892030, 'hernandezcourtney@hotmail.com', TO_DATE('2024-11-29', 'YYYY-MM-DD'), 'Treat activity upon long. For particular number do.');
INSERT INTO Lead (Lead_ID, Emp_ID, Company_Name, Contact_Name, Contact_Number, Contact_Email, Date_Contacted, Lead_Notes) VALUES (10000000000000000010, 10000000015, 'Nelson PLC', 'Christopher Calhoun', 5618755856, 'psandoval@hotmail.com', TO_DATE('2025-03-22', 'YYYY-MM-DD'), 'Measure room administration officer current field. Scene blue than act. Guy about new.');
INSERT INTO Lead (Lead_ID, Emp_ID, Company_Name, Contact_Name, Contact_Number, Contact_Email, Date_Contacted, Lead_Notes) VALUES (10000000000000000011, 10000000008, 'Rich Group', 'Bob Gonzalez', 7350077273, 'djohnson@collins-casey.net', TO_DATE('2024-09-24', 'YYYY-MM-DD'), 'Product ability value close ground table alone.');
INSERT INTO Lead (Lead_ID, Emp_ID, Company_Name, Contact_Name, Contact_Number, Contact_Email, Date_Contacted, Lead_Notes) VALUES (10000000000000000012, 10000000016, 'Davis, Phillips and Jones', 'Mark Andersen', 9729302613, 'valerie11@gmail.com', TO_DATE('2024-12-19', 'YYYY-MM-DD'), 'Especially pick understand method study bed. Charge car during.');
INSERT INTO Lead (Lead_ID, Emp_ID, Company_Name, Contact_Name, Contact_Number, Contact_Email, Date_Contacted, Lead_Notes) VALUES (10000000000000000013, 10000000007, 'Hill, Wilson and Brown', 'Kevin Baker', 6909053044, 'angelawallace@gmail.com', TO_DATE('2024-06-17', 'YYYY-MM-DD'), 'Record opportunity already low mention oil that.');
INSERT INTO Lead (Lead_ID, Emp_ID, Company_Name, Contact_Name, Contact_Number, Contact_Email, Date_Contacted, Lead_Notes) VALUES (10000000000000000014, 10000000018, 'Lee PLC', 'Joshua Wolfe', 9128827728, 'kochheather@brewer.net', TO_DATE('2024-10-18', 'YYYY-MM-DD'), 'Anything these group soldier hundred. Ahead camera put here ahead edge shoulder. Marriage unit arm.');
INSERT INTO Lead (Lead_ID, Emp_ID, Company_Name, Contact_Name, Contact_Number, Contact_Email, Date_Contacted, Lead_Notes) VALUES (10000000000000000015, 10000000014, 'Davis Ltd', 'Natasha Myers MD', 2335126624, 'esandoval@gmail.com', TO_DATE('2024-10-24', 'YYYY-MM-DD'), 'Article news easy. Cell town name focus. Author chair also morning full.');
INSERT INTO Lead (Lead_ID, Emp_ID, Company_Name, Contact_Name, Contact_Number, Contact_Email, Date_Contacted, Lead_Notes) VALUES (10000000000000000016, 10000000020, 'Wise Ltd', 'Deanna Owens', 6484417669, 'zwillis@gmail.com', TO_DATE('2025-04-19', 'YYYY-MM-DD'), 'Crime send figure say. Catch sure nor. Never for tell left.');
INSERT INTO Lead (Lead_ID, Emp_ID, Company_Name, Contact_Name, Contact_Number, Contact_Email, Date_Contacted, Lead_Notes) VALUES (10000000000000000017, 10000000008, 'Morris-Joseph', 'Andrew Richardson', 3337446692, 'hughesvincent@yahoo.com', TO_DATE('2025-02-10', 'YYYY-MM-DD'), 'Against list way why team. Thought I we we protect resource.');
INSERT INTO Lead (Lead_ID, Emp_ID, Company_Name, Contact_Name, Contact_Number, Contact_Email, Date_Contacted, Lead_Notes) VALUES (10000000000000000018, 10000000007, 'Jordan-Brock', 'Cheryl Cain', 3279562516, 'jennifer95@bartlett.org', TO_DATE('2025-01-23', 'YYYY-MM-DD'), 'Reveal street strong picture would. Mind discuss line call through school.');
INSERT INTO Lead (Lead_ID, Emp_ID, Company_Name, Contact_Name, Contact_Number, Contact_Email, Date_Contacted, Lead_Notes) VALUES (10000000000000000019, 10000000014, 'Davies Group', 'Paul Frank', 7798723559, 'rosegonzales@booth.org', TO_DATE('2024-10-14', 'YYYY-MM-DD'), 'There represent fast risk thousand. Morning city along meeting lead idea.');
INSERT INTO Lead (Lead_ID, Emp_ID, Company_Name, Contact_Name, Contact_Number, Contact_Email, Date_Contacted, Lead_Notes) VALUES (10000000000000000020, 10000000005, 'Evans, Hopkins and Gonzalez', 'Christian Lee', 2891173994, 'clarkcarol@yahoo.com', TO_DATE('2025-04-19', 'YYYY-MM-DD'), 'Cultural together price skill cut film hotel. Bag attack poor strong hundred door her.');
INSERT INTO Lead (Lead_ID, Emp_ID, Company_Name, Contact_Name, Contact_Number, Contact_Email, Date_Contacted, Lead_Notes) VALUES (10000000000000000021, 10000000003, 'Graham, White and Ford', 'David Johnson', 2148765104, 'kmcclain@hudson.com', TO_DATE('2025-01-16', 'YYYY-MM-DD'), 'Remain camera word suddenly. Fast discuss some country.');
INSERT INTO Lead (Lead_ID, Emp_ID, Company_Name, Contact_Name, Contact_Number, Contact_Email, Date_Contacted, Lead_Notes) VALUES (10000000000000000022, 10000000005, 'Jensen-Nguyen', 'Cynthia Richmond', 9152401683, 'cummingsmario@yahoo.com', TO_DATE('2025-04-02', 'YYYY-MM-DD'), 'School third strong leg view. Truth your sure also rather from.');
INSERT INTO Lead (Lead_ID, Emp_ID, Company_Name, Contact_Name, Contact_Number, Contact_Email, Date_Contacted, Lead_Notes) VALUES (10000000000000000023, 10000000014, 'Mitchell Group', 'Andrew Strong', 7301048135, 'jessica19@hotmail.com', TO_DATE('2024-10-19', 'YYYY-MM-DD'), 'Able cultural number best have happen young sound. Bill employee involve.');
INSERT INTO Lead (Lead_ID, Emp_ID, Company_Name, Contact_Name, Contact_Number, Contact_Email, Date_Contacted, Lead_Notes) VALUES (10000000000000000024, 10000000004, 'Henderson Group', 'Amanda Nguyen', 4395807909, 'mtaylor@williams-gray.com', TO_DATE('2024-08-02', 'YYYY-MM-DD'), 'May like particular outside try identify.');
INSERT INTO Lead (Lead_ID, Emp_ID, Company_Name, Contact_Name, Contact_Number, Contact_Email, Date_Contacted, Lead_Notes) VALUES (10000000000000000025, 10000000020, 'Cooper PLC', 'Kyle Browning', 2887493241, 'kristenadams@gmail.com', TO_DATE('2024-09-03', 'YYYY-MM-DD'), 'Nation reduce go power age provide. Public role nothing member really author.');
INSERT INTO Lead (Lead_ID, Emp_ID, Company_Name, Contact_Name, Contact_Number, Contact_Email, Date_Contacted, Lead_Notes) VALUES (10000000000000000026, 10000000007, 'Bell, Gibbs and Garcia', 'Michael Walter III', 7792686065, 'hortiz@hotmail.com', TO_DATE('2024-06-19', 'YYYY-MM-DD'), 'Tax as so choose opportunity technology who. Support officer hold charge nearly vote I.');
INSERT INTO Lead (Lead_ID, Emp_ID, Company_Name, Contact_Name, Contact_Number, Contact_Email, Date_Contacted, Lead_Notes) VALUES (10000000000000000027, 10000000016, 'Wilson LLC', 'Mary Coleman', 8346594797, 'cherryjohn@gmail.com', TO_DATE('2024-08-10', 'YYYY-MM-DD'), 'Often either everyone yes. Final control perhaps occur structure a. Cut rich campaign their.');
INSERT INTO Lead (Lead_ID, Emp_ID, Company_Name, Contact_Name, Contact_Number, Contact_Email, Date_Contacted, Lead_Notes) VALUES (10000000000000000028, 10000000018, 'Martinez and Sons', 'Karen Brown', 3536787868, 'iblack@hotmail.com', TO_DATE('2024-08-08', 'YYYY-MM-DD'), 'Ability agree movement real role. Weight relate instead part eat accept small.');
INSERT INTO Lead (Lead_ID, Emp_ID, Company_Name, Contact_Name, Contact_Number, Contact_Email, Date_Contacted, Lead_Notes) VALUES (10000000000000000029, 10000000009, 'Reynolds PLC', 'Dana Fleming', 5606702917, 'zfigueroa@lawrence.com', TO_DATE('2025-04-21', 'YYYY-MM-DD'), 'Nation firm other writer. However television forward inside style.');
INSERT INTO Lead (Lead_ID, Emp_ID, Company_Name, Contact_Name, Contact_Number, Contact_Email, Date_Contacted, Lead_Notes) VALUES (10000000000000000030, 10000000017, 'Bennett-Smith', 'Kevin Flores', 2254016242, 'nicholscheryl@hotmail.com', TO_DATE('2024-06-17', 'YYYY-MM-DD'), 'Hospital leg must. Himself stage language film top finally.');


--Oppurtunity INSERT STATMENTS


INSERT INTO Opportunity (Opp_ID, Lead_ID, Emp_ID, Opp_Name, Opp_Status, Estimated_Value, Prob_Percent, Closed_Date, Created_Date, Notes) VALUES (1001, 10000000000000000001, 10000000014, 'Reduced web-enabled analyzer', 'In Progress', 70537.05, 54.71, NULL, TO_DATE('2024-07-18', 'YYYY-MM-DD'), 'Involve store environmental old positive heart gun affect itself see first still once candidate form religious.');
INSERT INTO Opportunity (Opp_ID, Lead_ID, Emp_ID, Opp_Name, Opp_Status, Estimated_Value, Prob_Percent, Closed_Date, Created_Date, Notes) VALUES (1002, 10000000000000000023, 10000000014, 'Visionary client-driven matrices', 'Closed Lost', 20382.97, 21.89, TO_DATE('2024-07-04', 'YYYY-MM-DD'), TO_DATE('2024-05-26', 'YYYY-MM-DD'), 'Citizen help not my open old thus run less father southern daughter later sense crime.');
INSERT INTO Opportunity (Opp_ID, Lead_ID, Emp_ID, Opp_Name, Opp_Status, Estimated_Value, Prob_Percent, Closed_Date, Created_Date, Notes) VALUES (1003, 10000000000000000007, 10000000008, 'Proactive neutral protocol', 'Open', 93699.64, 69.86, NULL, TO_DATE('2024-10-20', 'YYYY-MM-DD'), 'Although hot possible type black relate buy body morning another just.');
INSERT INTO Opportunity (Opp_ID, Lead_ID, Emp_ID, Opp_Name, Opp_Status, Estimated_Value, Prob_Percent, Closed_Date, Created_Date, Notes) VALUES (1004, 10000000000000000025, 10000000019, 'Reverse-engineered multi-state knowledgebase', 'Closed Won', 82992.36, 67.61, TO_DATE('2025-01-10', 'YYYY-MM-DD'), TO_DATE('2024-05-25', 'YYYY-MM-DD'), 'Certain blue author standard affect picture decade interview collection some whose.');
INSERT INTO Opportunity (Opp_ID, Lead_ID, Emp_ID, Opp_Name, Opp_Status, Estimated_Value, Prob_Percent, Closed_Date, Created_Date, Notes) VALUES (1005, 10000000000000000010, 10000000010, 'Digitized user-facing access', 'Closed Lost', 68712.91, 59.36, TO_DATE('2025-02-03', 'YYYY-MM-DD'), TO_DATE('2024-05-25', 'YYYY-MM-DD'), 'Position determine sign different stock institution computer power.');
INSERT INTO Opportunity (Opp_ID, Lead_ID, Emp_ID, Opp_Name, Opp_Status, Estimated_Value, Prob_Percent, Closed_Date, Created_Date, Notes) VALUES (1006, 10000000000000000015, 10000000019, 'Versatile multi-state Local Area Network', 'Open', 48584.52, 68.07, NULL, TO_DATE('2025-04-27', 'YYYY-MM-DD'), 'Yourself energy decision him source mission voice story nothing another probably.');
INSERT INTO Opportunity (Opp_ID, Lead_ID, Emp_ID, Opp_Name, Opp_Status, Estimated_Value, Prob_Percent, Closed_Date, Created_Date, Notes) VALUES (1007, 10000000000000000023, 10000000011, 'Extended even-keeled contingency', 'Closed Lost', 40916.06, 32.55, TO_DATE('2024-12-13', 'YYYY-MM-DD'), TO_DATE('2024-08-19', 'YYYY-MM-DD'), 'Stand take I bit for matter dinner avoid maintain.');
INSERT INTO Opportunity (Opp_ID, Lead_ID, Emp_ID, Opp_Name, Opp_Status, Estimated_Value, Prob_Percent, Closed_Date, Created_Date, Notes) VALUES (1008, 10000000000000000004, 10000000008, 'Focused attitude-oriented Graphical User Interface', 'Closed Lost', 35417.95, 10.21, TO_DATE('2025-01-14', 'YYYY-MM-DD'), TO_DATE('2024-05-22', 'YYYY-MM-DD'), 'Shoulder yourself speak idea be plan feel after knowledge.');
INSERT INTO Opportunity (Opp_ID, Lead_ID, Emp_ID, Opp_Name, Opp_Status, Estimated_Value, Prob_Percent, Closed_Date, Created_Date, Notes) VALUES (1009, 10000000000000000012, 10000000005, 'Digitized upward-trending contingency', 'Closed Lost', 31107.87, 22.29, TO_DATE('2024-10-01', 'YYYY-MM-DD'), TO_DATE('2024-06-09', 'YYYY-MM-DD'), 'Seat question these local may audience particular serve economic contain bit four play.');
INSERT INTO Opportunity (Opp_ID, Lead_ID, Emp_ID, Opp_Name, Opp_Status, Estimated_Value, Prob_Percent, Closed_Date, Created_Date, Notes) VALUES (1010, 10000000000000000030, 10000000004, 'Re-contextualized 5thgeneration function', 'In Progress', 28230.06, 71.39, NULL, TO_DATE('2024-10-18', 'YYYY-MM-DD'), 'Consumer remember threat watch exactly student change.');
INSERT INTO Opportunity (Opp_ID, Lead_ID, Emp_ID, Opp_Name, Opp_Status, Estimated_Value, Prob_Percent, Closed_Date, Created_Date, Notes) VALUES (1011, 10000000000000000024, 10000000003, 'Grow Visionary Channels', 'In Progress', 16371.78, 35.17, NULL, TO_DATE('2025-01-31', 'YYYY-MM-DD'), 'Everybody low sense central whom culture her cut talk third remain.');
INSERT INTO Opportunity (Opp_ID, Lead_ID, Emp_ID, Opp_Name, Opp_Status, Estimated_Value, Prob_Percent, Closed_Date, Created_Date, Notes) VALUES (1012, 10000000000000000028, 10000000016, 'Enable Integrated Web Services', 'Closed Won', 13307.01, 70.68, TO_DATE('2025-02-14', 'YYYY-MM-DD'), TO_DATE('2024-11-18', 'YYYY-MM-DD'), 'Chair international north structure very population imagine any door.');
INSERT INTO Opportunity (Opp_ID, Lead_ID, Emp_ID, Opp_Name, Opp_Status, Estimated_Value, Prob_Percent, Closed_Date, Created_Date, Notes) VALUES (1013, 10000000000000000016, 10000000008, 'Transform Integrated Solutions', 'In Progress', 19242.55, 37.0, NULL, TO_DATE('2024-08-07', 'YYYY-MM-DD'), 'Wind black opportunity site ahead real edge according partner great budget mother bed.');
INSERT INTO Opportunity (Opp_ID, Lead_ID, Emp_ID, Opp_Name, Opp_Status, Estimated_Value, Prob_Percent, Closed_Date, Created_Date, Notes) VALUES (1014, 10000000000000000030, 10000000005, 'Incentivize Open-Source Models', 'Open', 78553.89, 15.35, NULL, TO_DATE('2025-02-09', 'YYYY-MM-DD'), 'Provide car green water yeah responsibility stuff interest.');
INSERT INTO Opportunity (Opp_ID, Lead_ID, Emp_ID, Opp_Name, Opp_Status, Estimated_Value, Prob_Percent, Closed_Date, Created_Date, Notes) VALUES (1015, 10000000000000000026, 10000000002, 'Transition 24/7 Solutions', 'Closed Won', 51290.11, 69.88, TO_DATE('2025-01-07', 'YYYY-MM-DD'), TO_DATE('2024-10-19', 'YYYY-MM-DD'), 'Tough beautiful best recognize all really particularly big range our miss.');
INSERT INTO Opportunity (Opp_ID, Lead_ID, Emp_ID, Opp_Name, Opp_Status, Estimated_Value, Prob_Percent, Closed_Date, Created_Date, Notes) VALUES (1016, 10000000000000000029, 10000000020, 'Repurpose Innovative Solutions', 'Closed Won', 40605.92, 58.37, TO_DATE('2025-07-22', 'YYYY-MM-DD'), TO_DATE('2025-03-23', 'YYYY-MM-DD'), 'Down describe cover quality PM outside travel drive.');
INSERT INTO Opportunity (Opp_ID, Lead_ID, Emp_ID, Opp_Name, Opp_Status, Estimated_Value, Prob_Percent, Closed_Date, Created_Date, Notes) VALUES (1017, 10000000000000000016, 10000000011, 'Revolutionize B2C E-Tailers', 'In Progress', 74483.77, 50.28, NULL, TO_DATE('2024-10-21', 'YYYY-MM-DD'), 'Just along onto politics movie as audience north lay now event eight institution.');
INSERT INTO Opportunity (Opp_ID, Lead_ID, Emp_ID, Opp_Name, Opp_Status, Estimated_Value, Prob_Percent, Closed_Date, Created_Date, Notes) VALUES (1018, 10000000000000000022, 10000000013, 'Drive Proactive Convergence', 'In Progress', 15552.0, 30.47, NULL, TO_DATE('2024-06-21', 'YYYY-MM-DD'), 'On garden store soldier serve seek professor two.');
INSERT INTO Opportunity (Opp_ID, Lead_ID, Emp_ID, Opp_Name, Opp_Status, Estimated_Value, Prob_Percent, Closed_Date, Created_Date, Notes) VALUES (1019, 10000000000000000005, 10000000020, 'Enhance Back-End Applications', 'Closed Won', 17654.44, 79.01, TO_DATE('2024-07-17', 'YYYY-MM-DD'), TO_DATE('2024-06-16', 'YYYY-MM-DD'), 'Drug brother now win body political home.');
INSERT INTO Opportunity (Opp_ID, Lead_ID, Emp_ID, Opp_Name, Opp_Status, Estimated_Value, Prob_Percent, Closed_Date, Created_Date, Notes) VALUES (1020, 10000000000000000025, 10000000010, 'Engage End-To-End Portals', 'In Progress', 55643.06, 67.31, NULL, TO_DATE('2024-07-23', 'YYYY-MM-DD'), 'Material produce box police hear always leg heart what morning.');
INSERT INTO Opportunity (Opp_ID, Lead_ID, Emp_ID, Opp_Name, Opp_Status, Estimated_Value, Prob_Percent, Closed_Date, Created_Date, Notes) VALUES (1021, 10000000000000000016, 10000000019, 'Iterate Robust E-Tailers', 'In Progress', 93965.62, 66.58, NULL, TO_DATE('2025-04-14', 'YYYY-MM-DD'), 'Foot prepare citizen above cause reflect politics prepare science.');
INSERT INTO Opportunity (Opp_ID, Lead_ID, Emp_ID, Opp_Name, Opp_Status, Estimated_Value, Prob_Percent, Closed_Date, Created_Date, Notes) VALUES (1022, 10000000000000000010, 10000000004, 'Revolutionize User-Centric Markets', 'Closed Lost', 29019.42, 18.33, TO_DATE('2025-01-16', 'YYYY-MM-DD'), TO_DATE('2024-10-19', 'YYYY-MM-DD'), 'Through debate bring lawyer region leader better fly.');
INSERT INTO Opportunity (Opp_ID, Lead_ID, Emp_ID, Opp_Name, Opp_Status, Estimated_Value, Prob_Percent, Closed_Date, Created_Date, Notes) VALUES (1023, 10000000000000000015, 10000000006, 'Deliver Leading-Edge Partnerships', 'Open', 78914.57, 21.11, NULL, TO_DATE('2024-06-06', 'YYYY-MM-DD'), 'Entire agency drive your place listen.');
INSERT INTO Opportunity (Opp_ID, Lead_ID, Emp_ID, Opp_Name, Opp_Status, Estimated_Value, Prob_Percent, Closed_Date, Created_Date, Notes) VALUES (1024, 10000000000000000019, 10000000009, 'Harness Efficient Portals', 'Open', 62531.11, 42.54, NULL, TO_DATE('2024-09-14', 'YYYY-MM-DD'), 'Coach management edge respond community second deep.');
INSERT INTO Opportunity (Opp_ID, Lead_ID, Emp_ID, Opp_Name, Opp_Status, Estimated_Value, Prob_Percent, Closed_Date, Created_Date, Notes) VALUES (1025, 10000000000000000008, 10000000015, 'Innovate Transparent Web-Readiness', 'Closed Lost', 33490.42, 28.05, TO_DATE('2024-10-26', 'YYYY-MM-DD'), TO_DATE('2024-07-19', 'YYYY-MM-DD'), 'Sit authority message meeting offer usually next personal.');
INSERT INTO Opportunity (Opp_ID, Lead_ID, Emp_ID, Opp_Name, Opp_Status, Estimated_Value, Prob_Percent, Closed_Date, Created_Date, Notes) VALUES (1026, 10000000000000000001, 10000000001, 'Benchmark Virtual Supply-Chains', 'Closed Lost', 10942.28, 72.9, TO_DATE('2024-12-29', 'YYYY-MM-DD'), TO_DATE('2024-09-23', 'YYYY-MM-DD'), 'Crime eight strong result century. Worker leader just three western cause.');
INSERT INTO Opportunity (Opp_ID, Lead_ID, Emp_ID, Opp_Name, Opp_Status, Estimated_Value, Prob_Percent, Closed_Date, Created_Date, Notes) VALUES (1027, 10000000000000000030, 10000000014, 'Engineer 24/7 Supply-Chains', 'Closed Lost', 99879.42, 59.5, TO_DATE('2025-03-18', 'YYYY-MM-DD'), TO_DATE('2024-12-10', 'YYYY-MM-DD'), 'Clearly moment people beat crime land. Artist raise itself.');
INSERT INTO Opportunity (Opp_ID, Lead_ID, Emp_ID, Opp_Name, Opp_Status, Estimated_Value, Prob_Percent, Closed_Date, Created_Date, Notes) VALUES (1028, 10000000000000000012, 10000000011, 'Matrix Scalable Infrastructures', 'Closed Won', 72450.79, 54.25, TO_DATE('2025-04-21', 'YYYY-MM-DD'), TO_DATE('2024-12-13', 'YYYY-MM-DD'), 'Camera trip organization let general during service.');
INSERT INTO Opportunity (Opp_ID, Lead_ID, Emp_ID, Opp_Name, Opp_Status, Estimated_Value, Prob_Percent, Closed_Date, Created_Date, Notes) VALUES (1029, 10000000000000000018, 10000000007, 'Disrupt Seamless Methodologies', 'In Progress', 43488.76, 61.66, NULL, TO_DATE('2024-07-13', 'YYYY-MM-DD'), 'Try expert avoid outside PM account language another.');
INSERT INTO Opportunity (Opp_ID, Lead_ID, Emp_ID, Opp_Name, Opp_Status, Estimated_Value, Prob_Percent, Closed_Date, Created_Date, Notes) VALUES (1030, 10000000000000000021, 10000000017, 'Exploit Scalable Action-Items', 'Closed Won', 42574.83, 38.87, TO_DATE('2025-01-26', 'YYYY-MM-DD'), TO_DATE('2024-09-14', 'YYYY-MM-DD'), 'Prevent rule nation computer whose during center consumer method.');


--Customer INSERT STATEMENTS 

INSERT INTO Customer (Customer_ID, Opp_ID, Emp_ID, Company_Name, Signinig_Date) VALUES (100001, 1001, 10000000001, 'Johnson-Roberts', TO_DATE('2025-04-03', 'YYYY-MM-DD'));
INSERT INTO Customer (Customer_ID, Opp_ID, Emp_ID, Company_Name, Signinig_Date) VALUES (100002, 1002, 10000000020, 'Mejia, James and Smith', TO_DATE('2024-07-31', 'YYYY-MM-DD'));
INSERT INTO Customer (Customer_ID, Opp_ID, Emp_ID, Company_Name, Signinig_Date) VALUES (100003, 1003, 10000000014, 'Jones, Morris and Guerrero', TO_DATE('2025-02-19', 'YYYY-MM-DD'));
INSERT INTO Customer (Customer_ID, Opp_ID, Emp_ID, Company_Name, Signinig_Date) VALUES (100004, 1004, 10000000009, 'Lara and Sons', TO_DATE('2024-12-12', 'YYYY-MM-DD'));
INSERT INTO Customer (Customer_ID, Opp_ID, Emp_ID, Company_Name, Signinig_Date) VALUES (100005, 1005, 10000000013, 'Wells-Johnson', TO_DATE('2024-09-20', 'YYYY-MM-DD'));
INSERT INTO Customer (Customer_ID, Opp_ID, Emp_ID, Company_Name, Signinig_Date) VALUES (100006, 1006, 10000000016, 'Cowan PLC', TO_DATE('2024-10-13', 'YYYY-MM-DD'));
INSERT INTO Customer (Customer_ID, Opp_ID, Emp_ID, Company_Name, Signinig_Date) VALUES (100007, 1007, 10000000007, 'Bauer-Rivera', TO_DATE('2024-07-05', 'YYYY-MM-DD'));
INSERT INTO Customer (Customer_ID, Opp_ID, Emp_ID, Company_Name, Signinig_Date) VALUES (100008, 1008, 10000000007, 'Clements, Franco and Walker', TO_DATE('2025-01-08', 'YYYY-MM-DD'));
INSERT INTO Customer (Customer_ID, Opp_ID, Emp_ID, Company_Name, Signinig_Date) VALUES (100009, 1009, 10000000003, 'Rodriguez Ltd', TO_DATE('2024-12-05', 'YYYY-MM-DD'));
INSERT INTO Customer (Customer_ID, Opp_ID, Emp_ID, Company_Name, Signinig_Date) VALUES (100010, 1010, 10000000011, 'Thomas PLC', TO_DATE('2024-10-20', 'YYYY-MM-DD'));
INSERT INTO Customer (Customer_ID, Opp_ID, Emp_ID, Company_Name, Signinig_Date) VALUES (100011, 1011, 10000000005, 'Johnson-Thompson', TO_DATE('2024-12-14', 'YYYY-MM-DD'));
INSERT INTO Customer (Customer_ID, Opp_ID, Emp_ID, Company_Name, Signinig_Date) VALUES (100012, 1012, 10000000020, 'Ferrell PLC', TO_DATE('2024-12-22', 'YYYY-MM-DD'));
INSERT INTO Customer (Customer_ID, Opp_ID, Emp_ID, Company_Name, Signinig_Date) VALUES (100013, 1013, 10000000017, 'Alvarez-Meyers', TO_DATE('2024-10-26', 'YYYY-MM-DD'));
INSERT INTO Customer (Customer_ID, Opp_ID, Emp_ID, Company_Name, Signinig_Date) VALUES (100014, 1014, 10000000008, 'Fry Group', TO_DATE('2025-02-28', 'YYYY-MM-DD'));
INSERT INTO Customer (Customer_ID, Opp_ID, Emp_ID, Company_Name, Signinig_Date) VALUES (100015, 1015, 10000000015, 'Lee-Rodriguez', TO_DATE('2024-12-13', 'YYYY-MM-DD'));
INSERT INTO Customer (Customer_ID, Opp_ID, Emp_ID, Company_Name, Signinig_Date) VALUES (100016, 1016, 10000000016, 'Ford-Carter', TO_DATE('2024-09-27', 'YYYY-MM-DD'));
INSERT INTO Customer (Customer_ID, Opp_ID, Emp_ID, Company_Name, Signinig_Date) VALUES (100017, 1017, 10000000004, 'Jones Inc', TO_DATE('2024-11-23', 'YYYY-MM-DD'));
INSERT INTO Customer (Customer_ID, Opp_ID, Emp_ID, Company_Name, Signinig_Date) VALUES (100018, 1018, 10000000017, 'Walters, Alexander and Morgan', TO_DATE('2024-06-09', 'YYYY-MM-DD'));
INSERT INTO Customer (Customer_ID, Opp_ID, Emp_ID, Company_Name, Signinig_Date) VALUES (100019, 1019, 10000000018, 'Johnson, Reid and Johnston', TO_DATE('2024-06-12', 'YYYY-MM-DD'));
INSERT INTO Customer (Customer_ID, Opp_ID, Emp_ID, Company_Name, Signinig_Date) VALUES (100020, 1020, 10000000014, 'Vang LLC', TO_DATE('2024-12-22', 'YYYY-MM-DD'));
INSERT INTO Customer (Customer_ID, Opp_ID, Emp_ID, Company_Name, Signinig_Date) VALUES (100021, 1021, 10000000011, 'Berry-Wallace', TO_DATE('2024-12-16', 'YYYY-MM-DD'));
INSERT INTO Customer (Customer_ID, Opp_ID, Emp_ID, Company_Name, Signinig_Date) VALUES (100022, 1022, 10000000009, 'Torres-Greer', TO_DATE('2024-08-11', 'YYYY-MM-DD'));
INSERT INTO Customer (Customer_ID, Opp_ID, Emp_ID, Company_Name, Signinig_Date) VALUES (100023, 1023, 10000000001, 'Gay Inc', TO_DATE('2024-06-30', 'YYYY-MM-DD'));
INSERT INTO Customer (Customer_ID, Opp_ID, Emp_ID, Company_Name, Signinig_Date) VALUES (100024, 1024, 10000000010, 'Graham, Martinez and Cox', TO_DATE('2024-09-27', 'YYYY-MM-DD'));
INSERT INTO Customer (Customer_ID, Opp_ID, Emp_ID, Company_Name, Signinig_Date) VALUES (100025, 1025, 10000000002, 'Hicks, Compton and Munoz', TO_DATE('2024-07-15', 'YYYY-MM-DD'));
INSERT INTO Customer (Customer_ID, Opp_ID, Emp_ID, Company_Name, Signinig_Date) VALUES (100026, 1026, 10000000002, 'Hanna and Sons', TO_DATE('2024-09-04', 'YYYY-MM-DD'));
INSERT INTO Customer (Customer_ID, Opp_ID, Emp_ID, Company_Name, Signinig_Date) VALUES (100027, 1027, 10000000016, 'Martin, Solomon and Gray', TO_DATE('2024-08-31', 'YYYY-MM-DD'));
INSERT INTO Customer (Customer_ID, Opp_ID, Emp_ID, Company_Name, Signinig_Date) VALUES (100028, 1028, 10000000011, 'Thomas-Brown', TO_DATE('2025-01-12', 'YYYY-MM-DD'));
INSERT INTO Customer (Customer_ID, Opp_ID, Emp_ID, Company_Name, Signinig_Date) VALUES (100029, 1029, 10000000015, 'Maynard PLC', TO_DATE('2025-03-11', 'YYYY-MM-DD'));
INSERT INTO Customer (Customer_ID, Opp_ID, Emp_ID, Company_Name, Signinig_Date) VALUES (100030, 1030, 10000000019, 'Carter, Henry and Salinas', TO_DATE('2024-06-24', 'YYYY-MM-DD'));



--Contact INSERT STATEMENTS 

INSERT INTO Contact (Contact_ID, Customer_ID, Contact_Email, Contact_Name, Contact_Number, Preferred_Contact) VALUES (1, 100001, 'james73@ramos-sanchez.com', 'Melissa Cain', 9638319676, 'Phone');
INSERT INTO Contact (Contact_ID, Customer_ID, Contact_Email, Contact_Name, Contact_Number, Preferred_Contact) VALUES (2, 100002, 'wallerzachary@yahoo.com', 'Nathan Best', 5858702560, 'Email');
INSERT INTO Contact (Contact_ID, Customer_ID, Contact_Email, Contact_Name, Contact_Number, Preferred_Contact) VALUES (3, 100003, 'alec75@gmail.com', 'Deanna Miller', 2770322486, 'Phone');
INSERT INTO Contact (Contact_ID, Customer_ID, Contact_Email, Contact_Name, Contact_Number, Preferred_Contact) VALUES (4, 100004, 'thomas82@yahoo.com', 'Brandon Smith', 1093686490, 'None');
INSERT INTO Contact (Contact_ID, Customer_ID, Contact_Email, Contact_Name, Contact_Number, Preferred_Contact) VALUES (5, 100005, 'nicole15@torres.biz', 'Hannah Hernandez', 1585900063, 'SMS');
INSERT INTO Contact (Contact_ID, Customer_ID, Contact_Email, Contact_Name, Contact_Number, Preferred_Contact) VALUES (6, 100006, 'tammy07@gmail.com', 'Christopher Hoffman', 7926974785, 'Email');
INSERT INTO Contact (Contact_ID, Customer_ID, Contact_Email, Contact_Name, Contact_Number, Preferred_Contact) VALUES (7, 100007, 'walterslori@melton.info', 'Michael Johnson', 3999293367, 'Email');
INSERT INTO Contact (Contact_ID, Customer_ID, Contact_Email, Contact_Name, Contact_Number, Preferred_Contact) VALUES (8, 100008, 'maxwilliams@hotmail.com', 'Alexander Espinoza', 2352655280, 'Phone');
INSERT INTO Contact (Contact_ID, Customer_ID, Contact_Email, Contact_Name, Contact_Number, Preferred_Contact) VALUES (9, 100009, 'bishopsandra@gmail.com', 'Julie Lowe', 4546937195, 'SMS');
INSERT INTO Contact (Contact_ID, Customer_ID, Contact_Email, Contact_Name, Contact_Number, Preferred_Contact) VALUES (10, 100010, 'anthony87@thompson-li.info', 'Lori Simmons', 5822368526, 'SMS');
INSERT INTO Contact (Contact_ID, Customer_ID, Contact_Email, Contact_Name, Contact_Number, Preferred_Contact) VALUES (11, 100011, 'derek41@yahoo.com', 'Donna Ali', 5213849318, 'None');
INSERT INTO Contact (Contact_ID, Customer_ID, Contact_Email, Contact_Name, Contact_Number, Preferred_Contact) VALUES (12, 100012, 'jenniferlin@gmail.com', 'Michael Hill', 7234331285, 'SMS');
INSERT INTO Contact (Contact_ID, Customer_ID, Contact_Email, Contact_Name, Contact_Number, Preferred_Contact) VALUES (13, 100013, 'valerieharris@sanchez.net', 'William Hardy', 1241975557, 'None');
INSERT INTO Contact (Contact_ID, Customer_ID, Contact_Email, Contact_Name, Contact_Number, Preferred_Contact) VALUES (14, 100014, 'timothy80@davis-wright.com', 'Ryan Gregory', 2347108698, 'SMS');
INSERT INTO Contact (Contact_ID, Customer_ID, Contact_Email, Contact_Name, Contact_Number, Preferred_Contact) VALUES (15, 100015, 'gvilla@johns.com', 'Rita Jackson', 6985498006, 'None');
INSERT INTO Contact (Contact_ID, Customer_ID, Contact_Email, Contact_Name, Contact_Number, Preferred_Contact) VALUES (16, 100016, 'samanthayoung@hotmail.com', 'James Garcia', 5097717360, 'Phone');
INSERT INTO Contact (Contact_ID, Customer_ID, Contact_Email, Contact_Name, Contact_Number, Preferred_Contact) VALUES (17, 100017, 'bellthomas@gmail.com', 'Susan Rodriguez', 8991310273, 'None');
INSERT INTO Contact (Contact_ID, Customer_ID, Contact_Email, Contact_Name, Contact_Number, Preferred_Contact) VALUES (18, 100018, 'oellis@hansen.info', 'Robert Johnson', 6604562981, 'SMS');
INSERT INTO Contact (Contact_ID, Customer_ID, Contact_Email, Contact_Name, Contact_Number, Preferred_Contact) VALUES (19, 100019, 'dodonnell@rogers.info', 'Anthony Pace', 6982855269, 'Email');
INSERT INTO Contact (Contact_ID, Customer_ID, Contact_Email, Contact_Name, Contact_Number, Preferred_Contact) VALUES (20, 100020, 'thomasmendoza@powers.com', 'Susan Lowe', 5478463461, 'None');
INSERT INTO Contact (Contact_ID, Customer_ID, Contact_Email, Contact_Name, Contact_Number, Preferred_Contact) VALUES (21, 100021, 'hayesdavid@hendrix.com', 'Shannon Gonzalez', 1026775081, 'SMS');
INSERT INTO Contact (Contact_ID, Customer_ID, Contact_Email, Contact_Name, Contact_Number, Preferred_Contact) VALUES (22, 100022, 'zharris@robinson-castillo.biz', 'James Ortiz', 2991143313, 'SMS');
INSERT INTO Contact (Contact_ID, Customer_ID, Contact_Email, Contact_Name, Contact_Number, Preferred_Contact) VALUES (23, 100023, 'omccarthy@olson.info', 'John Walls', 2422645262, 'SMS');
INSERT INTO Contact (Contact_ID, Customer_ID, Contact_Email, Contact_Name, Contact_Number, Preferred_Contact) VALUES (24, 100024, 'hatfieldkiara@hotmail.com', 'Dennis Le', 5759559694, 'SMS');
INSERT INTO Contact (Contact_ID, Customer_ID, Contact_Email, Contact_Name, Contact_Number, Preferred_Contact) VALUES (25, 100025, 'kellierobinson@vaughn-brown.com', 'John Dixon', 5107859316, 'Phone');
INSERT INTO Contact (Contact_ID, Customer_ID, Contact_Email, Contact_Name, Contact_Number, Preferred_Contact) VALUES (26, 100026, 'tammy43@hotmail.com', 'Dr. Patricia Harrison', 1095987113, 'None');
INSERT INTO Contact (Contact_ID, Customer_ID, Contact_Email, Contact_Name, Contact_Number, Preferred_Contact) VALUES (27, 100027, 'rmorrison@farrell.com', 'Eric Hopkins', 9646067289, 'SMS');
INSERT INTO Contact (Contact_ID, Customer_ID, Contact_Email, Contact_Name, Contact_Number, Preferred_Contact) VALUES (28, 100028, 'crystal10@cummings.com', 'Brett Smith', 9893172111, 'None');
INSERT INTO Contact (Contact_ID, Customer_ID, Contact_Email, Contact_Name, Contact_Number, Preferred_Contact) VALUES (29, 100029, 'theodore43@thomas.com', 'Michelle Herman', 8686187236, 'Phone');
INSERT INTO Contact (Contact_ID, Customer_ID, Contact_Email, Contact_Name, Contact_Number, Preferred_Contact) VALUES (30, 100030, 'coreyperez@yahoo.com', 'Sheila Fisher', 5795113980, 'Email');


-- Activity INSERT STATEMENTS

INSERT INTO Activity (Contact_ID, Activity_Date, Activity_Type, Emp_ID, Notes, Activity_ID) VALUES (1, TO_DATE('2024-12-10', 'YYYY-MM-DD'), 'Follow-Up', 10000000005, 'Bit rise place yourself nearly employee establish remain since prove.', 1);
INSERT INTO Activity (Contact_ID, Activity_Date, Activity_Type, Emp_ID, Notes, Activity_ID) VALUES (2, TO_DATE('2025-04-18', 'YYYY-MM-DD'), 'Demo', 10000000004, 'Your office system hold medical sometimes watch agreement body.', 2);
INSERT INTO Activity (Contact_ID, Activity_Date, Activity_Type, Emp_ID, Notes, Activity_ID) VALUES (3, TO_DATE('2025-02-25', 'YYYY-MM-DD'), 'Email', 10000000018, 'Remain boy few door federal one college street land real number.', 3);
INSERT INTO Activity (Contact_ID, Activity_Date, Activity_Type, Emp_ID, Notes, Activity_ID) VALUES (4, TO_DATE('2024-12-03', 'YYYY-MM-DD'), 'Call', 10000000016, 'Remain kid risk front sometimes else any audience nice nation.', 4);
INSERT INTO Activity (Contact_ID, Activity_Date, Activity_Type, Emp_ID, Notes, Activity_ID) VALUES (5, TO_DATE('2024-11-04', 'YYYY-MM-DD'), 'Meeting', 10000000011, 'Machine discover maintain resource suddenly film.', 5);
INSERT INTO Activity (Contact_ID, Activity_Date, Activity_Type, Emp_ID, Notes, Activity_ID) VALUES (6, TO_DATE('2024-12-03', 'YYYY-MM-DD'), 'Demo', 10000000004, 'Rule at step single us parent drive leave around professional eight.', 6);
INSERT INTO Activity (Contact_ID, Activity_Date, Activity_Type, Emp_ID, Notes, Activity_ID) VALUES (7, TO_DATE('2024-11-20', 'YYYY-MM-DD'), 'Demo', 10000000003, 'Get notice phone magazine begin ahead physical no pay may stage high candidate.', 7);
INSERT INTO Activity (Contact_ID, Activity_Date, Activity_Type, Emp_ID, Notes, Activity_ID) VALUES (8, TO_DATE('2025-04-17', 'YYYY-MM-DD'), 'Meeting', 10000000002, 'Role property interview get food decide defense behind store either have perform.', 8);
INSERT INTO Activity (Contact_ID, Activity_Date, Activity_Type, Emp_ID, Notes, Activity_ID) VALUES (9, TO_DATE('2025-01-16', 'YYYY-MM-DD'), 'Meeting', 10000000014, 'Teacher if within better response kitchen everybody own.', 9);
INSERT INTO Activity (Contact_ID, Activity_Date, Activity_Type, Emp_ID, Notes, Activity_ID) VALUES (10, TO_DATE('2025-01-28', 'YYYY-MM-DD'), 'Call', 10000000004, 'Event color low hospital mind eight.', 10);
INSERT INTO Activity (Contact_ID, Activity_Date, Activity_Type, Emp_ID, Notes, Activity_ID) VALUES (11, TO_DATE('2024-12-18', 'YYYY-MM-DD'), 'Demo', 10000000018, 'Share trial grow cut kid positive worker national place.', 11);
INSERT INTO Activity (Contact_ID, Activity_Date, Activity_Type, Emp_ID, Notes, Activity_ID) VALUES (12, TO_DATE('2025-02-26', 'YYYY-MM-DD'), 'Call', 10000000002, 'Traditional try least wide knowledge end radio director high.', 12);
INSERT INTO Activity (Contact_ID, Activity_Date, Activity_Type, Emp_ID, Notes, Activity_ID) VALUES (13, TO_DATE('2025-02-19', 'YYYY-MM-DD'), 'Follow-Up', 10000000015, 'Direction do reach professional until vote audience economy appear near result game then.', 13);
INSERT INTO Activity (Contact_ID, Activity_Date, Activity_Type, Emp_ID, Notes, Activity_ID) VALUES (14, TO_DATE('2024-12-18', 'YYYY-MM-DD'), 'Meeting', 10000000005, 'Low land around candidate son would beat good instead with marriage.', 14);
INSERT INTO Activity (Contact_ID, Activity_Date, Activity_Type, Emp_ID, Notes, Activity_ID) VALUES (15, TO_DATE('2025-04-04', 'YYYY-MM-DD'), 'Email', 10000000020, 'Article almost join keep stop hold.', 15);
INSERT INTO Activity (Contact_ID, Activity_Date, Activity_Type, Emp_ID, Notes, Activity_ID) VALUES (16, TO_DATE('2025-01-12', 'YYYY-MM-DD'), 'Follow-Up', 10000000004, 'Consider relationship any their into part view.', 16);
INSERT INTO Activity (Contact_ID, Activity_Date, Activity_Type, Emp_ID, Notes, Activity_ID) VALUES (17, TO_DATE('2025-02-18', 'YYYY-MM-DD'), 'Call', 10000000012, 'Difference relationship high myself drive economy seat.', 17);
INSERT INTO Activity (Contact_ID, Activity_Date, Activity_Type, Emp_ID, Notes, Activity_ID) VALUES (18, TO_DATE('2025-04-08', 'YYYY-MM-DD'), 'Follow-Up', 10000000019, 'On despite already these democratic walk size church late ground.', 18);
INSERT INTO Activity (Contact_ID, Activity_Date, Activity_Type, Emp_ID, Notes, Activity_ID) VALUES (19, TO_DATE('2024-11-12', 'YYYY-MM-DD'), 'Follow-Up', 10000000016, 'Appear peace relate billion live light table day half relationship.', 19);
INSERT INTO Activity (Contact_ID, Activity_Date, Activity_Type, Emp_ID, Notes, Activity_ID) VALUES (20, TO_DATE('2025-01-30', 'YYYY-MM-DD'), 'Call', 10000000009, 'Work own early field minute glass magazine program bank first.', 20);
INSERT INTO Activity (Contact_ID, Activity_Date, Activity_Type, Emp_ID, Notes, Activity_ID) VALUES (21, TO_DATE('2024-12-07', 'YYYY-MM-DD'), 'Meeting', 10000000010, 'Certainly rich federal stage main forward garden detail entire attention world animal study.', 21);
INSERT INTO Activity (Contact_ID, Activity_Date, Activity_Type, Emp_ID, Notes, Activity_ID) VALUES (22, TO_DATE('2025-02-15', 'YYYY-MM-DD'), 'Demo', 10000000012, 'Commercial Republican seem although thousand once live wrong book section which.', 22);
INSERT INTO Activity (Contact_ID, Activity_Date, Activity_Type, Emp_ID, Notes, Activity_ID) VALUES (23, TO_DATE('2024-11-05', 'YYYY-MM-DD'), 'Demo', 10000000008, 'Government down thought near shake protect travel.', 23);
INSERT INTO Activity (Contact_ID, Activity_Date, Activity_Type, Emp_ID, Notes, Activity_ID) VALUES (24, TO_DATE('2025-03-21', 'YYYY-MM-DD'), 'Email', 10000000010, 'Fact ground animal land institution seem model half see north treat scene loss.', 24);
INSERT INTO Activity (Contact_ID, Activity_Date, Activity_Type, Emp_ID, Notes, Activity_ID) VALUES (25, TO_DATE('2025-01-05', 'YYYY-MM-DD'), 'Meeting', 10000000006, 'Church modern large short same Mr kind foot.', 25);
INSERT INTO Activity (Contact_ID, Activity_Date, Activity_Type, Emp_ID, Notes, Activity_ID) VALUES (26, TO_DATE('2025-04-14', 'YYYY-MM-DD'), 'Meeting', 10000000017, 'Safe within son movement sit social.', 26);
INSERT INTO Activity (Contact_ID, Activity_Date, Activity_Type, Emp_ID, Notes, Activity_ID) VALUES (27, TO_DATE('2025-01-16', 'YYYY-MM-DD'), 'Email', 10000000017, 'System one expert girl reason great once town scene apply financial today relationship hold.', 27);
INSERT INTO Activity (Contact_ID, Activity_Date, Activity_Type, Emp_ID, Notes, Activity_ID) VALUES (28, TO_DATE('2025-01-12', 'YYYY-MM-DD'), 'Demo', 10000000010, 'Thousand senior drive although no someone yard mention firm week effect sing watch.', 28);
INSERT INTO Activity (Contact_ID, Activity_Date, Activity_Type, Emp_ID, Notes, Activity_ID) VALUES (29, TO_DATE('2025-04-02', 'YYYY-MM-DD'), 'Email', 10000000004, 'Music difference he realize different early we society.', 29);
INSERT INTO Activity (Contact_ID, Activity_Date, Activity_Type, Emp_ID, Notes, Activity_ID) VALUES (30, TO_DATE('2025-03-11', 'YYYY-MM-DD'), 'Call', 10000000016, 'Cost north agree serious maintain color agent product.', 30);


--Order_tbl INSERT STATEMENTS

INSERT INTO Order_Tbl (Order_ID, Customer_ID, Order_Date, Order_Total, Status) VALUES ('ORD7533928', 100001, TO_DATE('2025-03-29', 'YYYY-MM-DD'), 5681.67, 'Processing');
INSERT INTO Order_Tbl (Order_ID, Customer_ID, Order_Date, Order_Total, Status) VALUES ('ORD6483463', 100002, TO_DATE('2024-12-24', 'YYYY-MM-DD'), 8429.25, 'Delivered');
INSERT INTO Order_Tbl (Order_ID, Customer_ID, Order_Date, Order_Total, Status) VALUES ('ORD7640362', 100003, TO_DATE('2025-03-31', 'YYYY-MM-DD'), 6452.92, 'Cancelled');
INSERT INTO Order_Tbl (Order_ID, Customer_ID, Order_Date, Order_Total, Status) VALUES ('ORD9043945', 100004, TO_DATE('2025-04-14', 'YYYY-MM-DD'), 3374.66, 'Delivered');
INSERT INTO Order_Tbl (Order_ID, Customer_ID, Order_Date, Order_Total, Status) VALUES ('ORD0906060', 100005, TO_DATE('2025-04-29', 'YYYY-MM-DD'), 8307.98, 'Delivered');
INSERT INTO Order_Tbl (Order_ID, Customer_ID, Order_Date, Order_Total, Status) VALUES ('ORD4821419', 100006, TO_DATE('2024-12-23', 'YYYY-MM-DD'), 1466.56, 'Processing');
INSERT INTO Order_Tbl (Order_ID, Customer_ID, Order_Date, Order_Total, Status) VALUES ('ORD4526845', 100007, TO_DATE('2025-03-08', 'YYYY-MM-DD'), 9193.4, 'Processing');
INSERT INTO Order_Tbl (Order_ID, Customer_ID, Order_Date, Order_Total, Status) VALUES ('ORD9110629', 100008, TO_DATE('2024-12-27', 'YYYY-MM-DD'), 4726.62, 'Processing');
INSERT INTO Order_Tbl (Order_ID, Customer_ID, Order_Date, Order_Total, Status) VALUES ('ORD4334002', 100009, TO_DATE('2025-03-04', 'YYYY-MM-DD'), 3990.64, 'Processing');
INSERT INTO Order_Tbl (Order_ID, Customer_ID, Order_Date, Order_Total, Status) VALUES ('ORD7699174', 100010, TO_DATE('2025-03-16', 'YYYY-MM-DD'), 7033.64, 'Processing');
INSERT INTO Order_Tbl (Order_ID, Customer_ID, Order_Date, Order_Total, Status) VALUES ('ORD3115271', 100011, TO_DATE('2025-03-31', 'YYYY-MM-DD'), 6237.95, 'Processing');
INSERT INTO Order_Tbl (Order_ID, Customer_ID, Order_Date, Order_Total, Status) VALUES ('ORD1536185', 100012, TO_DATE('2025-01-10', 'YYYY-MM-DD'), 8980.96, 'Delivered');
INSERT INTO Order_Tbl (Order_ID, Customer_ID, Order_Date, Order_Total, Status) VALUES ('ORD3915163', 100013, TO_DATE('2025-03-16', 'YYYY-MM-DD'), 6053.73, 'Delivered');
INSERT INTO Order_Tbl (Order_ID, Customer_ID, Order_Date, Order_Total, Status) VALUES ('ORD0792603', 100014, TO_DATE('2025-04-03', 'YYYY-MM-DD'), 8512.25, 'Cancelled');
INSERT INTO Order_Tbl (Order_ID, Customer_ID, Order_Date, Order_Total, Status) VALUES ('ORD3151662', 100015, TO_DATE('2024-11-12', 'YYYY-MM-DD'), 8654.23, 'Delivered');
INSERT INTO Order_Tbl (Order_ID, Customer_ID, Order_Date, Order_Total, Status) VALUES ('ORD0567114', 100016, TO_DATE('2025-04-23', 'YYYY-MM-DD'), 8367.44, 'Processing');
INSERT INTO Order_Tbl (Order_ID, Customer_ID, Order_Date, Order_Total, Status) VALUES ('ORD8809966', 100017, TO_DATE('2024-12-27', 'YYYY-MM-DD'), 6506.26, 'Cancelled');
INSERT INTO Order_Tbl (Order_ID, Customer_ID, Order_Date, Order_Total, Status) VALUES ('ORD6314499', 100018, TO_DATE('2024-11-12', 'YYYY-MM-DD'), 6532.38, 'Cancelled');
INSERT INTO Order_Tbl (Order_ID, Customer_ID, Order_Date, Order_Total, Status) VALUES ('ORD6686463', 100019, TO_DATE('2025-04-29', 'YYYY-MM-DD'), 9104.55, 'Shipped');
INSERT INTO Order_Tbl (Order_ID, Customer_ID, Order_Date, Order_Total, Status) VALUES ('ORD2199774', 100020, TO_DATE('2024-12-12', 'YYYY-MM-DD'), 8871.82, 'Shipped');
INSERT INTO Order_Tbl (Order_ID, Customer_ID, Order_Date, Order_Total, Status) VALUES ('ORD5931564', 100021, TO_DATE('2025-01-21', 'YYYY-MM-DD'), 3215.39, 'Cancelled');
INSERT INTO Order_Tbl (Order_ID, Customer_ID, Order_Date, Order_Total, Status) VALUES ('ORD5680093', 100022, TO_DATE('2025-02-11', 'YYYY-MM-DD'), 3527.26, 'Delivered');
INSERT INTO Order_Tbl (Order_ID, Customer_ID, Order_Date, Order_Total, Status) VALUES ('ORD0976187', 100023, TO_DATE('2024-12-11', 'YYYY-MM-DD'), 7766.06, 'Cancelled');
INSERT INTO Order_Tbl (Order_ID, Customer_ID, Order_Date, Order_Total, Status) VALUES ('ORD1623730', 100024, TO_DATE('2025-04-10', 'YYYY-MM-DD'), 9712.41, 'Shipped');
INSERT INTO Order_Tbl (Order_ID, Customer_ID, Order_Date, Order_Total, Status) VALUES ('ORD8022422', 100025, TO_DATE('2024-11-24', 'YYYY-MM-DD'), 8964.7, 'Cancelled');
INSERT INTO Order_Tbl (Order_ID, Customer_ID, Order_Date, Order_Total, Status) VALUES ('ORD9250302', 100026, TO_DATE('2025-01-07', 'YYYY-MM-DD'), 218.03, 'Cancelled');
INSERT INTO Order_Tbl (Order_ID, Customer_ID, Order_Date, Order_Total, Status) VALUES ('ORD1488901', 100027, TO_DATE('2024-11-25', 'YYYY-MM-DD'), 1676.76, 'Processing');
INSERT INTO Order_Tbl (Order_ID, Customer_ID, Order_Date, Order_Total, Status) VALUES ('ORD1291935', 100028, TO_DATE('2025-01-19', 'YYYY-MM-DD'), 2378.5, 'Cancelled');
INSERT INTO Order_Tbl (Order_ID, Customer_ID, Order_Date, Order_Total, Status) VALUES ('ORD8028213', 100029, TO_DATE('2025-03-05', 'YYYY-MM-DD'), 6562.42, 'Cancelled');
INSERT INTO Order_Tbl (Order_ID, Customer_ID, Order_Date, Order_Total, Status) VALUES ('ORD1788289', 100030, TO_DATE('2024-11-10', 'YYYY-MM-DD'), 4808.14, 'Shipped');


-- Invoice INSERT STATEMENTS

INSERT INTO Invoice (Order_ID, Payment_Status, Invoice_Number, Invoice_Date, Due_Date, Amount_Due, Notes) VALUES ('ORD7533928', 'Paid', 1, TO_DATE('2025-02-05', 'YYYY-MM-DD'), TO_DATE('2025-03-05', 'YYYY-MM-DD'), 2890.61, 'Toward you throughout attorney ground their store spend establish five.');
INSERT INTO Invoice (Order_ID, Payment_Status, Invoice_Number, Invoice_Date, Due_Date, Amount_Due, Notes) VALUES ('ORD6483463', 'Pending', 2, TO_DATE('2025-02-16', 'YYYY-MM-DD'), TO_DATE('2025-03-28', 'YYYY-MM-DD'), 7937.35, 'Huge case civil they situation back physical individual yes water about.');
INSERT INTO Invoice (Order_ID, Payment_Status, Invoice_Number, Invoice_Date, Due_Date, Amount_Due, Notes) VALUES ('ORD7640362', 'Pending', 3, TO_DATE('2025-03-29', 'YYYY-MM-DD'), TO_DATE('2025-04-29', 'YYYY-MM-DD'), 4258.3, 'At whole PM forward significant newspaper traditional.');
INSERT INTO Invoice (Order_ID, Payment_Status, Invoice_Number, Invoice_Date, Due_Date, Amount_Due, Notes) VALUES ('ORD9043945', 'Pending', 4, TO_DATE('2025-02-19', 'YYYY-MM-DD'), TO_DATE('2025-03-23', 'YYYY-MM-DD'), 401.61, 'Brother baby black its newspaper piece board up ten boy.');
INSERT INTO Invoice (Order_ID, Payment_Status, Invoice_Number, Invoice_Date, Due_Date, Amount_Due, Notes) VALUES ('ORD0906060', 'Overdue', 5, TO_DATE('2025-01-15', 'YYYY-MM-DD'), TO_DATE('2025-02-19', 'YYYY-MM-DD'), 8869.64, 'End station hit growth laugh.');
INSERT INTO Invoice (Order_ID, Payment_Status, Invoice_Number, Invoice_Date, Due_Date, Amount_Due, Notes) VALUES ('ORD4821419', 'Pending', 6, TO_DATE('2024-11-06', 'YYYY-MM-DD'), TO_DATE('2024-12-10', 'YYYY-MM-DD'), 164.84, 'Relate history senior every we analysis turn arm actually sort.');
INSERT INTO Invoice (Order_ID, Payment_Status, Invoice_Number, Invoice_Date, Due_Date, Amount_Due, Notes) VALUES ('ORD4526845', 'Paid', 7, TO_DATE('2025-03-09', 'YYYY-MM-DD'), TO_DATE('2025-04-09', 'YYYY-MM-DD'), 1309.88, 'Teach sister who if certainly election bank skin house.');
INSERT INTO Invoice (Order_ID, Payment_Status, Invoice_Number, Invoice_Date, Due_Date, Amount_Due, Notes) VALUES ('ORD9110629', 'Paid', 8, TO_DATE('2024-11-06', 'YYYY-MM-DD'), TO_DATE('2024-11-25', 'YYYY-MM-DD'), 3231.84, 'Value form ten improve artist entire maintain attack.');
INSERT INTO Invoice (Order_ID, Payment_Status, Invoice_Number, Invoice_Date, Due_Date, Amount_Due, Notes) VALUES ('ORD4334002', 'Pending', 9, TO_DATE('2025-02-22', 'YYYY-MM-DD'), TO_DATE('2025-03-27', 'YYYY-MM-DD'), 7166.33, 'Goal structure anything style.');
INSERT INTO Invoice (Order_ID, Payment_Status, Invoice_Number, Invoice_Date, Due_Date, Amount_Due, Notes) VALUES ('ORD7699174', 'Pending', 10, TO_DATE('2025-01-09', 'YYYY-MM-DD'), TO_DATE('2025-02-11', 'YYYY-MM-DD'), 7245.6, 'Price cost drug send audience score through someone institution hot course.');


--Order_Line INSERT STATEMENTS

INSERT INTO Order_Line (Order_ID, OrderLine_ID, Unit_Cost, Quaintity, Product_Description) VALUES ('ORD7533928', 'OL000001', 163.66, 2, '4K Ultra HD Monitor');
INSERT INTO Order_Line (Order_ID, OrderLine_ID, Unit_Cost, Quaintity, Product_Description) VALUES ('ORD6483463', 'OL000002', 453.65, 9, '4K Ultra HD Monitor');
INSERT INTO Order_Line (Order_ID, OrderLine_ID, Unit_Cost, Quaintity, Product_Description) VALUES ('ORD7640362', 'OL000003', 63.44, 7, 'High-Speed HDMI Cable');
INSERT INTO Order_Line (Order_ID, OrderLine_ID, Unit_Cost, Quaintity, Product_Description) VALUES ('ORD9043945', 'OL000004', 45.98, 10, 'High-Speed HDMI Cable');
INSERT INTO Order_Line (Order_ID, OrderLine_ID, Unit_Cost, Quaintity, Product_Description) VALUES ('ORD0906060', 'OL000005', 88.24, 7, 'Mechanical Keyboard');
INSERT INTO Order_Line (Order_ID, OrderLine_ID, Unit_Cost, Quaintity, Product_Description) VALUES ('ORD4821419', 'OL000006', 408.87, 10, 'Mechanical Keyboard');
INSERT INTO Order_Line (Order_ID, OrderLine_ID, Unit_Cost, Quaintity, Product_Description) VALUES ('ORD4526845', 'OL000007', 15.81, 8, 'Smart LED Light Bulbs');
INSERT INTO Order_Line (Order_ID, OrderLine_ID, Unit_Cost, Quaintity, Product_Description) VALUES ('ORD9110629', 'OL000008', 79.39, 10, 'USB-C Charging Cable');
INSERT INTO Order_Line (Order_ID, OrderLine_ID, Unit_Cost, Quaintity, Product_Description) VALUES ('ORD4334002', 'OL000009', 140.22, 10, 'USB-C Charging Cable');
INSERT INTO Order_Line (Order_ID, OrderLine_ID, Unit_Cost, Quaintity, Product_Description) VALUES ('ORD7699174', 'OL000010', 480.57, 8, '4K Ultra HD Monitor');
INSERT INTO Order_Line (Order_ID, OrderLine_ID, Unit_Cost, Quaintity, Product_Description) VALUES ('ORD3115271', 'OL000011', 409.39, 5, 'High-Speed HDMI Cable');
INSERT INTO Order_Line (Order_ID, OrderLine_ID, Unit_Cost, Quaintity, Product_Description) VALUES ('ORD1536185', 'OL000012', 345.86, 4, 'Wireless Bluetooth Headphones');
INSERT INTO Order_Line (Order_ID, OrderLine_ID, Unit_Cost, Quaintity, Product_Description) VALUES ('ORD3915163', 'OL000013', 323.04, 2, '4K Ultra HD Monitor');
INSERT INTO Order_Line (Order_ID, OrderLine_ID, Unit_Cost, Quaintity, Product_Description) VALUES ('ORD0792603', 'OL000014', 412.83, 4, '4K Ultra HD Monitor');
INSERT INTO Order_Line (Order_ID, OrderLine_ID, Unit_Cost, Quaintity, Product_Description) VALUES ('ORD3151662', 'OL000015', 101.2, 4, 'Noise Cancelling Earbuds');
INSERT INTO Order_Line (Order_ID, OrderLine_ID, Unit_Cost, Quaintity, Product_Description) VALUES ('ORD0567114', 'OL000016', 313.63, 1, 'Ergonomic Office Chair');
INSERT INTO Order_Line (Order_ID, OrderLine_ID, Unit_Cost, Quaintity, Product_Description) VALUES ('ORD8809966', 'OL000017', 53.56, 10, 'Mechanical Keyboard');
INSERT INTO Order_Line (Order_ID, OrderLine_ID, Unit_Cost, Quaintity, Product_Description) VALUES ('ORD6314499', 'OL000018', 386.16, 8, 'Mechanical Keyboard');
INSERT INTO Order_Line (Order_ID, OrderLine_ID, Unit_Cost, Quaintity, Product_Description) VALUES ('ORD6686463', 'OL000019', 435.59, 4, 'USB-C Charging Cable');
INSERT INTO Order_Line (Order_ID, OrderLine_ID, Unit_Cost, Quaintity, Product_Description) VALUES ('ORD2199774', 'OL000020', 122.2, 6, 'Mechanical Keyboard');
INSERT INTO Order_Line (Order_ID, OrderLine_ID, Unit_Cost, Quaintity, Product_Description) VALUES ('ORD5931564', 'OL000021', 297.53, 9, 'Portable SSD 1TB');
INSERT INTO Order_Line (Order_ID, OrderLine_ID, Unit_Cost, Quaintity, Product_Description) VALUES ('ORD5680093', 'OL000022', 150.79, 10, 'Ergonomic Office Chair');
INSERT INTO Order_Line (Order_ID, OrderLine_ID, Unit_Cost, Quaintity, Product_Description) VALUES ('ORD0976187', 'OL000023', 94.14, 7, 'Adjustable Standing Desk');
INSERT INTO Order_Line (Order_ID, OrderLine_ID, Unit_Cost, Quaintity, Product_Description) VALUES ('ORD1623730', 'OL000024', 71.63, 4, 'Noise Cancelling Earbuds');
INSERT INTO Order_Line (Order_ID, OrderLine_ID, Unit_Cost, Quaintity, Product_Description) VALUES ('ORD8022422', 'OL000025', 460.77, 1, 'Wireless Bluetooth Headphones');
INSERT INTO Order_Line (Order_ID, OrderLine_ID, Unit_Cost, Quaintity, Product_Description) VALUES ('ORD9250302', 'OL000026', 187.33, 8, 'Ergonomic Office Chair');
INSERT INTO Order_Line (Order_ID, OrderLine_ID, Unit_Cost, Quaintity, Product_Description) VALUES ('ORD1488901', 'OL000027', 90.91, 1, '4K Ultra HD Monitor');
INSERT INTO Order_Line (Order_ID, OrderLine_ID, Unit_Cost, Quaintity, Product_Description) VALUES ('ORD1291935', 'OL000028', 425.3, 4, 'Wireless Bluetooth Headphones');
INSERT INTO Order_Line (Order_ID, OrderLine_ID, Unit_Cost, Quaintity, Product_Description) VALUES ('ORD8028213', 'OL000029', 306.92, 6, 'Ergonomic Office Chair');
INSERT INTO Order_Line (Order_ID, OrderLine_ID, Unit_Cost, Quaintity, Product_Description) VALUES ('ORD1788289', 'OL000030', 86.18, 5, 'Wireless Bluetooth Headphones');

-- SupportTicket INSERT STATEMETNS 

INSERT INTO SupportTicket (Order_ID, Emp_ID, Ticket_ID, Description, Status, Subject, Submit_Date, Resoultion_Note) VALUES ('ORD4821419', NULL, 10000001, 'Republican why watch glass operation. Later fill long song fish record.', 'Open', 'Technical issue with product', TO_DATE('2024-12-17', 'YYYY-MM-DD'), NULL);
INSERT INTO SupportTicket (Order_ID, Emp_ID, Ticket_ID, Description, Status, Subject, Submit_Date, Resoultion_Note) VALUES ('ORD3115271', 10000000001, 10000002, 'Hundred cut official address. Business last serve bit however. Open since report number.', 'Open', 'Missing order confirmation', TO_DATE('2024-11-15', 'YYYY-MM-DD'), NULL);
INSERT INTO SupportTicket (Order_ID, Emp_ID, Ticket_ID, Description, Status, Subject, Submit_Date, Resoultion_Note) VALUES ('ORD4526845', 10000000008, 10000003, 'Seek heavy nation window. Lawyer anyone go room. North become fund.', 'Resolved', 'Product arrived damaged', TO_DATE('2024-11-22', 'YYYY-MM-DD'), NULL);
INSERT INTO SupportTicket (Order_ID, Emp_ID, Ticket_ID, Description, Status, Subject, Submit_Date, Resoultion_Note) VALUES ('ORD8028213', 10000000018, 10000004, 'Affect get special specific. Grow up meet ahead option. Collection PM former husband.', 'Resolved', 'Technical issue with product', TO_DATE('2025-03-24', 'YYYY-MM-DD'), 'Pick might every why.');
INSERT INTO SupportTicket (Order_ID, Emp_ID, Ticket_ID, Description, Status, Subject, Submit_Date, Resoultion_Note) VALUES ('ORD0792603', NULL, 10000005, 'Ask know him agree especially language radio north.', 'Closed', 'Change delivery address', TO_DATE('2025-04-13', 'YYYY-MM-DD'), 'Ask career news expert.');

--Task INSERT STATEMENTS 

INSERT INTO Task (Order_ID, Opp_ID, Task_ID, Status, Due_Date, Emp_ID, Notes, Customer_ID, Task_Type) VALUES ('ORD1291935', 1026, 1000001, 'Completed', TO_DATE('2025-05-12', 'YYYY-MM-DD'), 10000000011, NULL, 43677, 'Customer Check-In');
INSERT INTO Task (Order_ID, Opp_ID, Task_ID, Status, Due_Date, Emp_ID, Notes, Customer_ID, Task_Type) VALUES ('ORD8022422', NULL, 1000002, 'Pending', TO_DATE('2025-05-14', 'YYYY-MM-DD'), 10000000002, NULL, 82764, 'Schedule Demo');
INSERT INTO Task (Order_ID, Opp_ID, Task_ID, Status, Due_Date, Emp_ID, Notes, Customer_ID, Task_Type) VALUES ('ORD6483463', 1024, 1000003, 'In Progress', TO_DATE('2025-05-25', 'YYYY-MM-DD'), 10000000010, 'Unit audience evening day fight daughter sea.', 85930, 'Internal Review');
INSERT INTO Task (Order_ID, Opp_ID, Task_ID, Status, Due_Date, Emp_ID, Notes, Customer_ID, Task_Type) VALUES ('ORD5680093', 1007, 1000004, 'In Progress', TO_DATE('2025-05-26', 'YYYY-MM-DD'), 10000000006, 'Blood protect past not ok behavior case piece station.', 95402, 'Internal Review');
INSERT INTO Task (Order_ID, Opp_ID, Task_ID, Status, Due_Date, Emp_ID, Notes, Customer_ID, Task_Type) VALUES ('ORD6686463', 1030, 1000005, 'In Progress', TO_DATE('2025-05-15', 'YYYY-MM-DD'), 10000000019, 'Result upon peace image especially much indeed same director Congress her dream.', 94727, 'Send Proposal');
INSERT INTO Task (Order_ID, Opp_ID, Task_ID, Status, Due_Date, Emp_ID, Notes, Customer_ID, Task_Type) VALUES ('ORD6483463', NULL, 1000006, 'In Progress', TO_DATE('2025-05-12', 'YYYY-MM-DD'), 10000000018, 'Significant most newspaper worry skill low prove Republican.', 38736, 'Follow-up Call');
INSERT INTO Task (Order_ID, Opp_ID, Task_ID, Status, Due_Date, Emp_ID, Notes, Customer_ID, Task_Type) VALUES ('ORD1536185', 1024, 1000007, 'Pending', TO_DATE('2025-05-11', 'YYYY-MM-DD'), 10000000003, 'Line American what personal seat bar again beautiful range must theory.', 13344, 'Customer Check-In');
INSERT INTO Task (Order_ID, Opp_ID, Task_ID, Status, Due_Date, Emp_ID, Notes, Customer_ID, Task_Type) VALUES ('ORD8809966', 1022, 1000008, 'Pending', TO_DATE('2025-05-02', 'YYYY-MM-DD'), 10000000016, 'Determine without pass record Congress thing professor themselves.', 23090, 'Schedule Demo');
INSERT INTO Task (Order_ID, Opp_ID, Task_ID, Status, Due_Date, Emp_ID, Notes, Customer_ID, Task_Type) VALUES ('ORD1291935', NULL, 1000009, 'Completed', TO_DATE('2025-05-07', 'YYYY-MM-DD'), 10000000002, 'Possible important under be quite soon however.', 32990, 'Send Proposal');
INSERT INTO Task (Order_ID, Opp_ID, Task_ID, Status, Due_Date, Emp_ID, Notes, Customer_ID, Task_Type) VALUES ('ORD5931564', NULL, 1000010, 'Pending', TO_DATE('2025-05-09', 'YYYY-MM-DD'), 10000000014, 'Get our reason start free bank concern body need hotel act.', 57041, 'Customer Check-In');
INSERT INTO Task (Order_ID, Opp_ID, Task_ID, Status, Due_Date, Emp_ID, Notes, Customer_ID, Task_Type) VALUES ('ORD0567114', 1023, 1000011, 'Pending', TO_DATE('2025-05-20', 'YYYY-MM-DD'), 10000000006, 'Sit ever huge pull medical push happen couple.', 11925, 'Internal Review');
INSERT INTO Task (Order_ID, Opp_ID, Task_ID, Status, Due_Date, Emp_ID, Notes, Customer_ID, Task_Type) VALUES ('ORD8022422', 1024, 1000012, 'Completed', TO_DATE('2025-05-02', 'YYYY-MM-DD'), 10000000003, 'Eye situation move player increase consumer man close practice government describe moment executive.', 71005, 'Follow-up Call');
INSERT INTO Task (Order_ID, Opp_ID, Task_ID, Status, Due_Date, Emp_ID, Notes, Customer_ID, Task_Type) VALUES ('ORD5931564', 1022, 1000013, 'Pending', TO_DATE('2025-05-11', 'YYYY-MM-DD'), 10000000013, 'Seek born environmental successful door television view bed chance west production.', 69907, 'Send Proposal');
INSERT INTO Task (Order_ID, Opp_ID, Task_ID, Status, Due_Date, Emp_ID, Notes, Customer_ID, Task_Type) VALUES ('ORD4334002', 1009, 1000014, 'Pending', TO_DATE('2025-05-30', 'YYYY-MM-DD'), 10000000005, NULL, 33466, 'Follow-up Call');
INSERT INTO Task (Order_ID, Opp_ID, Task_ID, Status, Due_Date, Emp_ID, Notes, Customer_ID, Task_Type) VALUES ('ORD0792603', 1007, 1000015, 'Pending', TO_DATE('2025-05-11', 'YYYY-MM-DD'), 10000000005, 'Someone purpose soldier look effect no benefit culture different family international whose.', 12710, 'Customer Check-In');
INSERT INTO Task (Order_ID, Opp_ID, Task_ID, Status, Due_Date, Emp_ID, Notes, Customer_ID, Task_Type) VALUES ('ORD0906060', NULL, 1000016, 'Pending', TO_DATE('2025-05-19', 'YYYY-MM-DD'), 10000000013, NULL, 39229, 'Send Proposal');
INSERT INTO Task (Order_ID, Opp_ID, Task_ID, Status, Due_Date, Emp_ID, Notes, Customer_ID, Task_Type) VALUES ('ORD6686463', NULL, 1000017, 'In Progress', TO_DATE('2025-05-04', 'YYYY-MM-DD'), 10000000016, 'Various resource avoid talk well occur care while Mr conference let.', 90075, 'Internal Review');
INSERT INTO Task (Order_ID, Opp_ID, Task_ID, Status, Due_Date, Emp_ID, Notes, Customer_ID, Task_Type) VALUES ('ORD4334002', 1012, 1000018, 'Completed', TO_DATE('2025-05-25', 'YYYY-MM-DD'), 10000000006, 'Reality thought budget later something blue best who but act until town environment.', 36449, 'Send Proposal');
INSERT INTO Task (Order_ID, Opp_ID, Task_ID, Status, Due_Date, Emp_ID, Notes, Customer_ID, Task_Type) VALUES ('ORD0792603', 1029, 1000019, 'In Progress', TO_DATE('2025-05-14', 'YYYY-MM-DD'), 10000000013, NULL, 14678, 'Send Proposal');
INSERT INTO Task (Order_ID, Opp_ID, Task_ID, Status, Due_Date, Emp_ID, Notes, Customer_ID, Task_Type) VALUES ('ORD0567114', 1017, 1000020, 'In Progress', TO_DATE('2025-05-17', 'YYYY-MM-DD'), 10000000020, NULL, 37289, 'Follow-up Call');
INSERT INTO Task (Order_ID, Opp_ID, Task_ID, Status, Due_Date, Emp_ID, Notes, Customer_ID, Task_Type) VALUES ('ORD7533928', NULL, 1000021, 'In Progress', TO_DATE('2025-05-14', 'YYYY-MM-DD'), 10000000014, 'Nothing cut grow despite game wish still call meeting its.', 34947, 'Customer Check-In');
INSERT INTO Task (Order_ID, Opp_ID, Task_ID, Status, Due_Date, Emp_ID, Notes, Customer_ID, Task_Type) VALUES ('ORD9043945', NULL, 1000022, 'Pending', TO_DATE('2025-05-19', 'YYYY-MM-DD'), 10000000020, NULL, 52897, 'Schedule Demo');
INSERT INTO Task (Order_ID, Opp_ID, Task_ID, Status, Due_Date, Emp_ID, Notes, Customer_ID, Task_Type) VALUES ('ORD6314499', 1006, 1000023, 'Pending', TO_DATE('2025-05-10', 'YYYY-MM-DD'), 10000000019, NULL, 58574, 'Schedule Demo');
INSERT INTO Task (Order_ID, Opp_ID, Task_ID, Status, Due_Date, Emp_ID, Notes, Customer_ID, Task_Type) VALUES ('ORD8022422', 1025, 1000024, 'Deferred', TO_DATE('2025-05-12', 'YYYY-MM-DD'), 10000000004, 'Treatment interesting final walk sister age.', 91360, 'Customer Check-In');
INSERT INTO Task (Order_ID, Opp_ID, Task_ID, Status, Due_Date, Emp_ID, Notes, Customer_ID, Task_Type) VALUES ('ORD6314499', 1022, 1000025, 'In Progress', TO_DATE('2025-05-11', 'YYYY-MM-DD'), 10000000011, 'Hundred white southern before night positive.', 29180, 'Internal Review');
INSERT INTO Task (Order_ID, Opp_ID, Task_ID, Status, Due_Date, Emp_ID, Notes, Customer_ID, Task_Type) VALUES ('ORD1536185', 1028, 1000026, 'Pending', TO_DATE('2025-05-19', 'YYYY-MM-DD'), 10000000012, 'Way once edge sport break seem here produce himself decision him body.', 53187, 'Internal Review');
INSERT INTO Task (Order_ID, Opp_ID, Task_ID, Status, Due_Date, Emp_ID, Notes, Customer_ID, Task_Type) VALUES ('ORD1623730', 1030, 1000027, 'In Progress', TO_DATE('2025-05-20', 'YYYY-MM-DD'), 10000000013, NULL, 68714, 'Send Proposal');
INSERT INTO Task (Order_ID, Opp_ID, Task_ID, Status, Due_Date, Emp_ID, Notes, Customer_ID, Task_Type) VALUES ('ORD3915163', 1022, 1000028, 'In Progress', TO_DATE('2025-05-21', 'YYYY-MM-DD'), 10000000007, NULL, 89707, 'Customer Check-In');
INSERT INTO Task (Order_ID, Opp_ID, Task_ID, Status, Due_Date, Emp_ID, Notes, Customer_ID, Task_Type) VALUES ('ORD0906060', 1017, 1000029, 'Pending', TO_DATE('2025-05-22', 'YYYY-MM-DD'), 10000000019, 'Decide avoid force impact buy drop evidence plant expert.', 96763, 'Internal Review');
INSERT INTO Task (Order_ID, Opp_ID, Task_ID, Status, Due_Date, Emp_ID, Notes, Customer_ID, Task_Type) VALUES ('ORD3151662', 1012, 1000030, 'Completed', TO_DATE('2025-05-22', 'YYYY-MM-DD'), 10000000011, 'Hour hand policy lay whole cultural upon major agreement.', 82187, 'Internal Review');
